Datetime,tem_data
1694113583,30.625
1694113613,30.75
1694113643,30.9375
1694113673,31
1694113703,31.125
1694113733,31.25
1694113763,31.4375
1694113793,31.4375
1694113823,31.5
1694113853,31.625
1694113883,31.625
1694113913,31.6875
1694113943,31.6875
1694113973,31.75
1694114003,31.8125
1694114033,31.8125
1694114063,31.8125
1694114094,31.75
1694114124,31.8125
1694114154,31.8125
1694114184,31.8125
1694114214,31.8125
1694114244,31.875
1694114274,31.8125
1694114304,31.875
1694114334,31.8125
1694114364,31.8125
1694114394,31.8125
1694114424,31.8125
1694114454,31.75
1694114484,31.75
1694114514,31.8125
1694114544,31.8125
1694114574,31.8125
1694114604,31.75
1694114634,31.75
1694114664,31.75
1694114694,31.75
1694114724,31.75
1694114754,31.75
1694114784,31.75
1694114814,31.75
1694114844,31.75
1694114875,31.75
1694114904,31.75
1694114934,31.75
1694114964,31.75
1694114994,31.75
1694115024,31.8125
1694115055,31.75
1694115085,31.75
1694115115,31.6875
1694115145,31.75
1694115175,31.6875
1694115205,31.6875
1694115235,31.75
1694115265,31.8125
1694115295,31.6875
1694115325,31.75
1694115355,31.625
1694115385,31.625
1694115415,31.6875
1694115445,31.6875
1694115475,31.6875
1694115505,31.6875
1694115535,31.625
1694115565,31.5625
1694115595,31.6875
1694115625,31.75
1694115655,31.6875
1694115685,31.6875
1694115715,31.6875
1694115745,31.625
1694115775,31.6875
1694115805,31.6875
1694115835,31.625
1694115865,31.6875
1694115895,31.75
1694115925,31.6875
1694115956,31.6875
1694115985,31.6875
1694116016,31.6875
1694116046,31.6875
1694116076,31.625
1694116106,31.6875
1694116136,31.6875
1694116166,31.625
1694116196,31.5625
1694116226,31.6875
1694116256,31.6875
1694116286,31.625
1694116316,31.625
1694116346,31.625
1694116376,31.625
1694116406,31.5625
1694116436,31.625
1694116466,31.625
1694116496,31.625
1694116526,31.625
1694116556,31.625
1694116586,31.5625
1694116616,31.5625
1694116646,31.625
1694116676,31.6875
1694116706,31.625
1694116736,31.6875
1694116767,31.6875
1694116796,31.6875
1694116826,31.625
1694116856,31.6875
1694116887,31.6875
1694116916,31.625
1694116947,31.625
1694116977,31.5625
1694117007,31.625
1694117037,31.625
1694117067,31.625
1694117097,31.625
1694117127,31.6875
1694117157,31.6875
1694117187,31.6875
1694117217,31.6875
1694117247,31.625
1694117277,31.6875
1694117307,31.625
1694117337,31.625
1694117367,31.5625
1694117397,31.5625
1694117427,31.625
1694117457,31.625
1694117487,31.6875
1694117517,31.6875
1694117547,31.6875
1694117577,31.6875
1694117607,31.75
1694117637,31.75
1694117667,31.6875
1694117697,31.625
1694117727,31.625
1694117757,31.625
1694117787,31.625
1694117818,31.625
1694117847,31.6875
1694117878,31.6875
1694117908,31.6875
1694117938,31.6875
1694117968,31.625
1694117998,31.6875
1694118028,31.6875
1694118058,31.6875
1694118088,31.625
1694118118,31.625
1694118148,31.6875
1694118181,31.625
1694118208,31.625
1694118238,31.6875
1694118268,31.6875
1694118298,31.625
1694118328,31.5625
1694118358,31.5625
1694118388,31.625
1694118418,31.625
1694118448,31.625
1694118478,31.625
1694118508,31.625
1694118538,31.5625
1694118568,31.5625
1694118598,31.625
1694118628,31.625
1694118658,31.625
1694118688,31.625
1694118718,31.625
1694118748,31.625
1694118779,31.5625
1694118809,31.625
1694118839,31.5625
1694118869,31.5625
1694118899,31.625
1694118929,31.625
1694118959,31.625
1694118989,31.625
1694119019,31.625
1694119049,31.6875
1694119079,31.8125
1694119109,31.6875
1694119139,31.6875
1694119169,31.625
1694119199,31.625
1694119229,31.625
1694119259,31.6875
1694119289,31.6875
1694119319,31.625
1694119349,31.6875
1694119379,31.6875
1694119409,31.75
1694119439,31.6875
1694119469,31.75
1694119499,31.75
1694119529,31.75
1694119559,31.8125
1694119589,31.8125
1694119619,31.75
1694119649,31.75
1694119679,31.75
1694119709,31.8125
1694119739,31.75
1694119770,31.8125
1694119800,31.75
1694119830,31.75
1694119860,31.75
1694119890,31.75
1694119920,31.75
1694119950,31.75
1694119980,31.75
1694120010,31.75
1694120040,31.75
1694120070,31.75
1694120100,31.8125
1694120130,31.75
1694120160,31.75
1694120190,31.75
1694120220,31.75
1694120250,31.75
1694120280,31.75
1694120310,31.8125
1694120340,31.75
1694120370,31.75
1694120400,31.8125
1694120430,31.8125
1694120460,31.75
1694120490,31.8125
1694120520,31.8125
1694120550,31.8125
1694120580,31.8125
1694120610,31.8125
1694120640,31.8125
1694120670,31.8125
1694120701,31.8125
1694120731,31.875
1694120761,31.8125
1694120791,31.8125
1694120821,31.8125
1694120851,31.8125
1694120881,31.8125
1694120911,31.8125
1694120941,31.875
1694120971,31.8125
1694121001,31.875
1694121031,31.8125
1694121061,31.75
1694121091,31.8125
1694121121,31.75
1694121151,31.8125
1694121181,31.8125
1694121211,31.8125
1694121241,31.8125
1694121271,31.8125
1694121301,31.8125
1694121331,31.8125
1694121361,31.75
1694121391,31.8125
1694121421,31.75
1694121451,31.8125
1694121481,31.8125
1694121511,31.75
1694121541,31.75
1694121572,31.75
1694121602,31.75
1694121631,31.75
1694121662,31.6875
1694121692,31.6875
1694121722,31.625
1694121752,31.6875
1694121782,31.75
1694121812,31.75
1694121842,31.75
1694121872,31.8125
1694121902,31.8125
1694121932,31.75
1694121962,31.8125
1694121992,31.75
1694122022,31.6875
1694122052,31.75
1694122082,31.6875
1694122112,31.75
1694122142,31.75
1694122172,31.8125
1694122202,31.75
1694122232,31.8125
1694122262,31.8125
1694122292,31.8125
1694122322,31.8125
1694122352,31.75
1694122382,31.75
1694122412,31.75
1694122442,31.8125
1694122472,31.75
1694122502,31.8125
1694122535,31.8125
1694122562,31.8125
1694122593,31.8125
1694122623,31.8125
1694122653,31.8125
1694122683,31.8125
1694122713,31.8125
1694122743,31.8125
1694122773,31.8125
1694122803,31.75
1694122833,31.75
1694122863,31.8125
1694122893,31.75
1694122923,31.6875
1694122953,31.6875
1694122983,31.6875
1694123013,31.75
1694123043,31.75
1694123073,31.75
1694123103,31.6875
1694123133,31.75
1694123163,31.75
1694123193,31.75
1694123223,31.75
1694123253,31.75
1694123283,31.75
1694123313,31.75
1694123343,31.75
1694123373,31.6875
1694123403,31.75
1694123433,31.6875
1694123463,31.6875
1694123494,31.75
1694123524,31.75
1694123554,31.75
1694123584,31.6875
1694123614,31.6875
1694123644,31.6875
1694123674,31.6875
1694123704,31.6875
1694123734,31.75
1694123764,31.75
1694123794,31.6875
1694123824,31.6875
1694123854,31.6875
1694123884,31.6875
1694123914,31.6875
1694123944,31.6875
1694123974,31.6875
1694124004,31.6875
1694124034,31.6875
1694124064,31.6875
1694124094,31.5625
1694124124,31.5625
1694124154,31.625
1694124184,31.625
1694124214,31.625
1694124244,31.625
1694124274,31.625
1694124304,31.6875
1694124334,31.6875
1694124364,31.75
1694124394,31.75
1694124424,31.6875
1694124455,31.75
1694124485,31.6875
1694124515,31.6875
1694124545,31.6875
1694124575,31.6875
1694124605,31.75
1694124635,31.6875
1694124665,31.6875
1694124695,31.6875
1694124725,31.6875
1694124755,31.75
1694124785,31.75
1694124815,31.75
1694124845,31.75
1694124875,31.75
1694124905,31.75
1694124935,31.6875
1694124965,31.75
1694124995,31.75
1694125025,31.75
1694125055,31.6875
1694125085,31.75
1694125115,31.75
1694125145,31.75
1694125175,31.75
1694125205,31.75
1694125235,31.75
1694125265,31.75
1694125295,31.75
1694125325,31.75
1694125355,31.8125
1694125386,31.75
1694125416,31.75
1694125446,31.75
1694125476,31.75
1694125506,31.75
1694125536,31.6875
1694125566,31.75
1694125596,31.75
1694125626,31.6875
1694125656,31.75
1694125686,31.75
1694125716,31.75
1694125746,31.75
1694125776,31.8125
1694125806,31.8125
1694125836,31.75
1694125866,31.8125
1694125896,31.8125
1694125926,31.8125
1694125956,31.75
1694125986,31.8125
1694126016,31.75
1694126046,31.8125
1694126076,31.75
1694126106,31.6875
1694126136,31.75
1694126166,31.75
1694126196,31.8125
1694126226,31.8125
1694126256,31.75
1694126286,31.75
1694126317,31.75
1694126347,31.75
1694126377,31.75
1694126407,31.75
1694126437,31.6875
1694126467,31.6875
1694126497,31.6875
1694126527,31.75
1694126557,31.75
1694126587,31.75
1694126617,31.75
1694126647,31.75
1694126677,31.75
1694126707,31.75
1694126737,31.75
1694126767,31.75
1694126797,31.75
1694126827,31.8125
1694126857,31.8125
1694126887,31.75
1694126917,31.75
1694126947,31.8125
1694126977,31.75
1694127007,31.75
1694127037,31.8125
1694127067,31.8125
1694127097,31.75
1694127127,31.75
1694127157,31.8125
1694127187,31.8125
1694127217,31.8125
1694127247,31.8125
1694127278,31.8125
1694127308,31.8125
1694127338,31.75
1694127368,31.8125
1694127398,31.8125
1694127428,31.8125
1694127458,31.75
1694127488,31.75
1694127518,31.75
1694127548,31.75
1694127578,31.8125
1694127608,31.75
1694127638,31.8125
1694127668,31.75
1694127698,31.75
1694127728,31.75
1694127758,31.75
1694127788,31.75
1694127818,31.75
1694127848,31.8125
1694127878,31.75
1694127908,31.6875
1694127938,31.75
1694127968,31.6875
1694127998,31.6875
1694128028,31.6875
1694128058,31.75
1694128088,31.75
1694128118,31.75
1694128148,31.75
1694128179,31.75
1694128208,31.75
1694128239,31.75
1694128269,31.75
1694128299,31.75
1694128329,31.75
1694128363,31.75
1694128389,31.75
1694128419,31.75
1694128449,31.6875
1694128479,31.75
1694128509,31.75
1694128539,31.75
1694128569,31.75
1694128612,31.75
1694128629,31.75
1694128659,31.75
1694128689,31.75
1694128719,31.75
1694128749,31.75
1694128779,31.6875
1694128809,31.6875
1694128839,31.6875
1694128869,31.6875
1694128899,31.75
1694128929,31.6875
1694128959,31.75
1694128989,31.6875
1694129019,31.75
1694129049,31.6875
1694129079,31.6875
1694129109,31.6875
1694129139,31.75
1694129170,31.6875
1694129200,31.75
1694129230,31.6875
1694129260,31.75
1694129290,31.6875
1694129320,31.75
1694129350,31.75
1694129380,31.75
1694129410,31.75
1694129440,31.6875
1694129470,31.75
1694129500,31.75
1694129530,31.75
1694129560,31.75
1694129590,31.6875
1694129620,31.6875
1694129650,31.6875
1694129680,31.6875
1694129710,31.6875
1694129740,31.6875
1694129770,31.6875
1694129800,31.6875
1694129830,31.75
1694129860,31.75
1694129890,31.6875
1694129920,31.6875
1694129950,31.6875
1694129980,31.6875
1694130010,31.6875
1694130040,31.75
1694130071,31.6875
1694130101,31.6875
1694130131,31.6875
1694130161,31.6875
1694130191,31.6875
1694130221,31.6875
1694130251,31.6875
1694130281,31.6875
1694130311,31.6875
1694130341,31.6875
1694130371,31.6875
1694130401,31.6875
1694130431,31.6875
1694130461,31.6875
1694130491,31.6875
1694130521,31.6875
1694130551,31.625
1694130581,31.6875
1694130611,31.6875
1694130641,31.625
1694130671,31.625
1694130701,31.6875
1694130731,31.6875
1694130762,31.6875
1694130791,31.6875
1694130821,31.625
1694130851,31.625
1694130881,31.6875
1694130911,31.6875
1694130941,31.625
1694130971,31.5625
1694131001,31.6875
1694131032,31.6875
1694131062,31.6875
1694131092,31.6875
1694131122,31.6875
1694131152,31.6875
1694131182,31.6875
1694131212,31.6875
1694131242,31.6875
1694131272,31.625
1694131302,31.6875
1694131332,31.625
1694131362,31.6875
1694131392,31.6875
1694131422,31.6875
1694131452,31.6875
1694131482,31.625
1694131512,31.625
1694131542,31.625
1694131572,31.625
1694131602,31.6875
1694131632,31.6875
1694131662,31.6875
1694131692,31.6875
1694131722,31.6875
1694131752,31.6875
1694131782,31.6875
1694131812,31.6875
1694131842,31.6875
1694131872,31.6875
1694131903,31.6875
1694131933,31.625
1694131963,31.625
1694131993,31.625
1694132023,31.625
1694132053,31.625
1694132083,31.625
1694132113,31.625
1694132143,31.625
1694132173,31.5625
1694132203,31.5625
1694132233,31.5625
1694132263,31.5625
1694132293,31.5625
1694132323,31.625
1694132353,31.625
1694132383,31.625
1694132413,31.625
1694132443,31.625
1694132473,31.6875
1694132503,31.6875
1694132533,31.6875
1694132563,31.625
1694132593,31.625
1694132623,31.6875
1694132653,31.6875
1694132683,31.625
1694132713,31.625
1694132743,31.625
1694132773,31.625
1694132803,31.625
1694132833,31.625
1694132863,31.625
1694132893,31.625
1694132924,31.625
1694132954,31.625
1694132984,31.625
1694133014,31.6875
1694133044,31.6875
1694133074,31.625
1694133104,31.625
1694133134,31.625
1694133164,31.625
1694133194,31.625
1694133224,31.625
1694133254,31.625
1694133284,31.625
1694133314,31.625
1694133344,31.625
1694133374,31.625
1694133404,31.5625
1694133434,31.625
1694133464,31.625
1694133494,31.625
1694133524,31.5625
1694133554,31.625
1694133584,31.625
1694133614,31.625
1694133644,31.625
1694133674,31.625
1694133705,31.625
1694133734,31.625
1694133764,31.625
1694133794,31.625
1694133824,31.625
1694133855,31.625
1694133885,31.625
1694133915,31.625
1694133945,31.625
1694133975,31.625
1694134005,31.625
1694134035,31.625
1694134065,31.5625
1694134095,31.5625
1694134125,31.5
1694134155,31.5625
1694134185,31.5625
1694134215,31.625
1694134245,31.625
1694134275,31.625
1694134305,31.625
1694134335,31.5625
1694134365,31.5625
1694134395,31.625
1694134425,31.625
1694134455,31.625
1694134485,31.625
1694134515,31.625
1694134545,31.5625
1694134575,31.625
1694134605,31.5625
1694134635,31.625
1694134665,31.5625
1694134695,31.5625
1694134725,31.625
1694134756,31.625
1694134786,31.625
1694134816,31.6875
1694134846,31.625
1694134876,31.625
1694134906,31.6875
1694134936,31.625
1694134966,31.625
1694134996,31.5625
1694135026,31.5625
1694135056,31.5625
1694135086,31.625
1694135116,31.625
1694135146,31.5625
1694135176,31.5625
1694135206,31.5625
1694135236,31.5625
1694135266,31.5625
1694135296,31.5625
1694135326,31.5625
1694135356,31.5625
1694135386,31.5625
1694135416,31.5625
1694135446,31.5625
1694135476,31.5625
1694135506,31.5625
1694135536,31.5625
1694135566,31.5625
1694135596,31.5625
1694135626,31.5625
1694135657,31.5625
1694135686,31.5625
1694135716,31.625
1694135747,31.625
1694135777,31.625
1694135807,31.625
1694135837,31.625
1694135867,31.625
1694135897,31.5625
1694135927,31.5625
1694135957,31.5625
1694135987,31.5625
1694136017,31.5625
1694136047,31.5
1694136077,31.5625
1694136107,31.625
1694136137,31.625
1694136167,31.625
1694136197,31.625
1694136227,31.5625
1694136257,31.5625
1694136287,31.5625
1694136317,31.5625
1694136347,31.5625
1694136377,31.5625
1694136408,31.5625
1694136437,31.5625
1694136467,31.5625
1694136497,31.5625
1694136527,31.5
1694136557,31.5625
1694136587,31.5625
1694136618,31.5625
1694136647,31.5625
1694136678,31.5625
1694136708,31.5625
1694136738,31.5625
1694136768,31.5625
1694136798,31.5
1694136828,31.5625
1694136858,31.5625
1694136888,31.5625
1694136918,31.625
1694136948,31.625
1694136978,31.5625
1694137008,31.5625
1694137038,31.5625
1694137068,31.5625
1694137098,31.5625
1694137128,31.5
1694137158,31.5
1694137188,31.5
1694137218,31.5
1694137248,31.5
1694137278,31.5625
1694137308,31.5
1694137338,31.5625
1694137368,31.5625
1694137398,31.5625
1694137428,31.5625
1694137458,31.5
1694137488,31.5
1694137518,31.5
1694137548,31.5
1694137578,31.4375
1694137609,31.5
1694137639,31.5
1694137669,31.5
1694137699,31.5625
1694137729,31.5625
1694137759,31.5
1694137789,31.5625
1694137819,31.5625
1694137849,31.5
1694137879,31.5
1694137909,31.5
1694137939,31.5625
1694137969,31.5625
1694137999,31.5625
1694138029,31.5625
1694138059,31.5625
1694138089,31.5625
1694138119,31.5
1694138149,31.5625
1694138179,31.5625
1694138209,31.5625
1694138239,31.5625
1694138269,31.5625
1694138299,31.5625
1694138329,31.5625
1694138359,31.5625
1694138389,31.5625
1694138419,31.5625
1694138449,31.5625
1694138479,31.5625
1694138509,31.5625
1694138539,31.5
1694138570,31.5
1694138600,31.5625
1694138630,31.5625
1694138660,31.5625
1694138690,31.5625
1694138720,31.5625
1694138750,31.5625
1694138780,31.5625
1694138810,31.5625
1694138840,31.5
1694138870,31.5
1694138900,31.5
1694138930,31.5
1694138960,31.5625
1694138990,31.5625
1694139020,31.5625
1694139050,31.5625
1694139080,31.5625
1694139110,31.5625
1694139140,31.5
1694139170,31.5
1694139200,31.5625
1694139230,31.5
1694139260,31.5
1694139290,31.5
1694139320,31.4375
1694139350,31.4375
1694139380,31.4375
1694139410,31.5
1694139440,31.4375
1694139470,31.5
1694139501,31.4375
1694139531,31.4375
1694139561,31.4375
1694139591,31.4375
1694139621,31.4375
1694139651,31.5
1694139681,31.4375
1694139711,31.4375
1694139741,31.4375
1694139771,31.4375
1694139801,31.4375
1694139831,31.4375
1694139861,31.4375
1694139891,31.4375
1694139921,31.4375
1694139951,31.4375
1694139981,31.4375
1694140011,31.4375
1694140041,31.4375
1694140071,31.4375
1694140101,31.4375
1694140131,31.4375
1694140161,31.4375
1694140191,31.375
1694140221,31.375
1694140251,31.375
1694140281,31.375
1694140311,31.375
1694140341,31.4375
1694140371,31.4375
1694140401,31.5
1694140432,31.5
1694140462,31.5
1694140492,31.4375
1694140522,31.4375
1694140552,31.4375
1694140582,31.4375
1694140612,31.4375
1694140642,31.4375
1694140672,31.4375
1694140702,31.4375
1694140732,31.4375
1694140762,31.4375
1694140792,31.4375
1694140822,31.4375
1694140852,31.4375
1694140882,31.4375
1694140912,31.4375
1694140942,31.4375
1694140972,31.4375
1694141002,31.4375
1694141032,31.4375
1694141062,31.4375
1694141092,31.4375
1694141122,31.4375
1694141152,31.4375
1694141182,31.4375
1694141212,31.4375
1694141242,31.4375
1694141272,31.375
1694141302,31.375
1694141332,31.375
1694141363,31.4375
1694141393,31.4375
1694141423,31.4375
1694141453,31.4375
1694141483,31.4375
1694141513,31.375
1694141543,31.4375
1694141573,31.375
1694141603,31.375
1694141633,31.4375
1694141663,31.375
1694141693,31.375
1694141723,31.375
1694141753,31.4375
1694141783,31.375
1694141813,31.375
1694141843,31.375
1694141873,31.375
1694141903,31.375
1694141933,31.4375
1694141963,31.375
1694141993,31.375
1694142023,31.4375
1694142053,31.375
1694142083,31.375
1694142113,31.4375
1694142143,31.375
1694142173,31.375
1694142203,31.375
1694142234,31.375
1694142264,31.375
1694142294,31.375
1694142324,31.4375
1694142354,31.375
1694142384,31.375
1694142414,31.375
1694142444,31.375
1694142474,31.375
1694142504,31.375
1694142534,31.375
1694142564,31.375
1694142594,31.375
1694142624,31.375
1694142654,31.4375
1694142684,31.4375
1694142714,31.4375
1694142744,31.4375
1694142774,31.4375
1694142804,31.4375
1694142834,31.4375
1694142864,31.4375
1694142894,31.4375
1694142924,31.4375
1694142954,31.4375
1694142984,31.4375
1694143014,31.375
1694143044,31.375
1694143074,31.4375
1694143104,31.4375
1694143134,31.4375
1694143164,31.5
1694143194,31.4375
1694143224,31.4375
1694143255,31.375
1694143285,31.375
1694143315,31.4375
1694143345,31.4375
1694143375,31.4375
1694143405,31.4375
1694143435,31.375
1694143465,31.375
1694143495,31.375
1694143525,31.375
1694143555,31.375
1694143585,31.375
1694143615,31.375
1694143645,31.4375
1694143675,31.4375
1694143705,31.4375
1694143735,31.4375
1694143765,31.4375
1694143795,31.4375
1694143825,31.4375
1694143855,31.375
1694143885,31.4375
1694143915,31.4375
1694143945,31.4375
1694143975,31.4375
1694144005,31.4375
1694144035,31.4375
1694144065,31.375
1694144095,31.375
1694144125,31.4375
1694144155,31.4375
1694144186,31.375
1694144216,31.375
1694144246,31.375
1694144276,31.375
1694144306,31.3125
1694144336,31.375
1694144366,31.375
1694144396,31.4375
1694144426,31.4375
1694144456,31.375
1694144486,31.375
1694144516,31.375
1694144546,31.375
1694144576,31.375
1694144606,31.375
1694144636,31.375
1694144666,31.375
1694144696,31.375
1694144726,31.4375
1694144756,31.375
1694144786,31.4375
1694144816,31.375
1694144846,31.4375
1694144876,31.375
1694144906,31.375
1694144937,31.3125
1694144966,31.375
1694144996,31.375
1694145026,31.375
1694145056,31.375
1694145086,31.3125
1694145116,31.3125
1694145147,31.3125
1694145177,31.375
1694145207,31.3125
1694145237,31.3125
1694145267,31.375
1694145297,31.375
1694145327,31.3125
1694145357,31.375
1694145387,31.375
1694145417,31.3125
1694145447,31.375
1694145477,31.3125
1694145507,31.3125
1694145537,31.3125
1694145567,31.3125
1694145597,31.3125
1694145627,31.3125
1694145657,31.375
1694145687,31.375
1694145717,31.375
1694145747,31.375
1694145777,31.375
1694145807,31.375
1694145837,31.375
1694145867,31.375
1694145897,31.375
1694145927,31.375
1694145957,31.3125
1694145987,31.375
1694146017,31.375
1694146048,31.375
1694146078,31.375
1694146108,31.375
1694146138,31.375
1694146168,31.375
1694146198,31.375
1694146228,31.375
1694146258,31.375
1694146288,31.375
1694146318,31.3125
1694146348,31.375
1694146378,31.375
1694146408,31.3125
1694146438,31.3125
1694146468,31.375
1694146498,31.375
1694146528,31.375
1694146559,31.3125
1694146588,31.375
1694146618,31.3125
1694146648,31.3125
1694146678,31.3125
1694146708,31.3125
1694146738,31.3125
1694146768,31.375
1694146798,31.375
1694146828,31.3125
1694146858,31.3125
1694146888,31.3125
1694146918,31.375
1694146948,31.3125
1694146978,31.3125
1694147009,31.3125
1694147039,31.375
1694147069,31.375
1694147099,31.375
1694147129,31.375
1694147159,31.3125
1694147189,31.3125
1694147219,31.3125
1694147249,31.3125
1694147279,31.3125
1694147309,31.3125
1694147339,31.3125
1694147369,31.3125
1694147399,31.3125
1694147429,31.25
1694147459,31.25
1694147489,31.3125
1694147519,31.25
1694147549,31.25
1694147579,31.3125
1694147609,31.3125
1694147639,31.3325
1694147669,31.34
1694147699,31.3125
1694147729,31.3225
1694147759,31.3125
1694147789,31.3125
1694147819,31.25
1694147850,31.3125
1694147879,31.25
1694147909,31.3125
1694147940,31.25
1694147970,31.3125
1694148000,31.25
1694148030,31.25
1694148060,31.3125
1694148090,31.25
1694148120,31.3125
1694148150,31.25
1694148180,31.25
1694148210,31.3125
1694148240,31.25
1694148270,31.1875
1694148300,31.1875
1694148330,31.25
1694148360,31.1875
1694148390,31.1875
1694148420,31.1875
1694148450,31.1875
1694148480,31.25
1694148510,31.25
1694148540,31.25
1694148570,31.25
1694148600,31.1875
1694148630,31.1875
1694148660,31.1875
1694148690,31.25
1694148720,31.24
1694148750,31.25
1694148780,31.3125
1694148810,31.25
1694148840,31.3125
1694148870,31.25
1694148900,31.25
1694148930,31.1875
1694148960,31.1875
1694148990,31.25
1694149020,31.25
1694149050,31.25
1694149080,31.1875
1694149110,31.25
1694149140,31.1875
1694149170,31.1875
1694149200,31.1875
1694149230,31.25
1694149260,31.25
1694149290,31.1875
1694149320,31.1875
1694149350,31.25
1694149380,31.25
1694149410,31.25
1694149440,31.25
1694149470,31.25
1694149500,31.25
1694149530,31.25
1694149560,31.1875
1694149590,31.25
1694149620,31.25
1694149650,31.25
1694149680,31.25
1694149710,31.25
1694149740,31.25
1694149770,31.1875
1694149800,31.1875
1694149830,31.1875
1694149860,31.1875
1694149890,31.25
1694149920,31.1875
1694149950,31.25
1694149980,31.25
1694150010,31.25
1694150040,31.25
1694150070,31.25
1694150100,31.25
1694150130,31.25
1694150160,31.25
1694150190,31.25
1694150220,31.35
1694150250,31.35
1694150280,31.35
1694150310,31.35
1694150340,31.35
1694150370,31.35
1694150400,31.35
1694150430,31.35
1694150460,31.35
1694150490,31.35
1694150520,31.25
1694150550,31.25
1694150580,31.25
1694150610,31.25
1694150640,31.25
1694150670,31.25
1694150700,31.25
1694150730,31.25
1694150760,31.25
1694150790,31.25
1694150820,31.25
1694150850,31.25
1694150880,31.25
1694150910,31.25
1694150940,31.25
1694150970,31.25
1694151000,31.25
1694151030,31.25
1694151060,31.25
1694151090,31.25
1694151120,31.25
1694151150,31.25
1694151180,31.25
1694151210,31.25
1694151240,31.25
1694151270,31.3125
1694151300,31.3125
1694151330,31.3125
1694151360,31.3125
1694151390,31.3125
1694151420,31.3125
1694151450,31.3125
1694151480,31.3125
1694151510,31.25
1694151540,31.25
1694151570,31.25
1694151600,31.3125
1694151630,31.3125
1694151660,31.3125
1694151690,31.3125
1694151720,31.3125
1694151736,31.25
1694151766,31.25
1694151796,31.25
1694151826,31.25
1694151856,31.25
1694151886,31.25
1694151917,31.3125
1694151947,31.3125
1694151977,31.3125
1694152007,31.3125
1694152037,31.3125
1694152067,31.3125
1694152097,31.3125
1694152127,31.3125
1694152157,31.3125
1694152187,31.3125
1694152217,31.3125
1694152247,31.3125
1694152277,31.3125
1694152307,31.25
1694152337,31.25
1694152367,31.25
1694152397,31.25
1694152427,31.25
1694152457,31.25
1694152487,31.25
1694152517,31.25
1694152547,31.25
1694152577,31.3125
1694152607,31.3125
1694152637,31.3125
1694152667,31.3125
1694152697,31.3125
1694152727,31.3125
1694152757,31.3125
1694152787,31.3125
1694152817,31.3125
1694152848,31.3125
1694152877,31.3125
1694152908,31.3125
1694152938,31.25
1694152968,31.25
1694152998,31.25
1694153028,31.25
1694153058,31.25
1694153088,31.25
1694153118,31.25
1694153148,31.25
1694153178,31.3125
1694153208,31.3125
1694153238,31.3125
1694153268,31.3125
1694153298,31.25
1694153328,31.25
1694153358,31.25
1694153388,31.3125
1694153418,31.3125
1694153448,31.3125
1694153478,31.25
1694153508,31.25
1694153538,31.25
1694153568,31.25
1694153598,31.25
1694153628,31.3125
1694153658,31.3125
1694153688,31.25
1694153718,31.25
1694153749,31.25
1694153778,31.25
1694153808,31.3125
1694153839,31.25
1694153869,31.25
1694153899,31.25
1694153929,31.25
1694153959,31.25
1694153989,31.25
1694154019,31.25
1694154049,31.25
1694154079,31.25
1694154109,31.25
1694154139,31.25
1694154169,31.25
1694154199,31.25
1694154229,31.25
1694154259,31.25
1694154289,31.25
1694154319,31.3125
1694154349,31.3125
1694154379,31.3125
1694154409,31.3125
1694154439,31.3125
1694154469,31.3125
1694154499,31.3525
1694154529,31.3525
1694154559,31.3525
1694154589,31.3525
1694154619,31.3525
1694154649,31.3525
1694154679,31.3525
1694154709,31.3525
1694154739,31.3525
1694154769,31.3525
1694154800,31.3525
1694154830,31.3525
1694154860,31.3525
1694154890,31.3125
1694154920,31.3125
1694154950,31.3125
1694154980,31.3125
1694155011,31.3125
1694155040,31.3125
1694155070,31.3125
1694155100,31.3125
1694155130,31.3125
1694155160,31.3125
1694155190,31.3125
1694155220,31.3125
1694155250,31.3125
1694155280,31.3125
1694155310,31.3125
1694155340,31.3025
1694155370,31.3025
1694155400,31.3025
1694155430,31.3025
1694155460,31.3025
1694155490,31.3025
1694155520,31.3025
1694155550,31.3025
1694155580,31.3025
1694155610,31.3025
1694155640,31.3025
1694155670,31.3025
1694155700,31.3125
1694155731,31.3125
1694155761,31.3125
1694155791,31.3125
1694155821,31.3125
1694155851,31.3125
1694155881,31.3125
1694155911,31.3125
1694155941,31.3125
1694155971,31.3125
1694156001,31.3125
1694156031,31.3125
1694156061,31.3125
1694156091,31.3125
1694156121,31.3125
1694156151,31.3125
1694156181,31.3125
1694156211,31.3125
1694156241,31.3125
1694156271,31.3125
1694156301,31.3125
1694156331,31.3125
1694156362,31.3125
1694156391,31.2725
1694156421,31.2725
1694156451,31.2725
1694156481,31.2725
1694156511,31.2725
1694156541,31.2725
1694156571,31.2725
1694156601,31.2725
1694156631,31.2725
1694156662,31.2725
1694156692,31.2725
1694156722,31.2725
1694156752,31.2725
1694156782,31.2725
1694156812,31.3125
1694156842,31.3125
1694156872,31.3125
1694156902,31.3125
1694156932,31.3125
1694156962,31.3125
1694156992,31.3125
1694157022,31.3125
1694157052,31.3125
1694157082,31.3125
1694157112,31.3125
1694157142,31.3125
1694157172,31.3125
1694157202,31.3125
1694157232,31.3125
1694157262,31.3125
1694157292,31.3125
1694157322,31.3125
1694157352,31.3125
1694157382,31.3625
1694157412,31.3625
1694157442,31.3625
1694157472,31.3625
1694157502,31.3625
1694157532,31.3625
1694157562,31.3625
1694157592,31.3625
1694157623,31.3625
1694157653,31.3625
1694157683,31.3625
1694157713,31.3625
1694157743,31.3625
1694157773,31.3625
1694157803,31.3625
1694157833,31.3625
1694157863,31.3625
1694157893,31.3625
1694157923,31.3625
1694157953,31.3125
1694157983,31.3125
1694158013,31.3125
1694158043,31.3125
1694158073,31.3125
1694158103,31.3125
1694158133,31.3125
1694158163,31.3125
1694158193,31.3125
1694158223,31.3125
1694158253,31.3125
1694158283,31.3125
1694158313,31.3125
1694158343,31.3125
1694158373,31.3125
1694158403,31.3125
1694158433,31.3125
1694158464,31.3125
1694158493,31.3125
1694158523,31.3125
1694158554,31.3125
1694158584,31.3125
1694158614,31.3125
1694158644,31.3125
1694158674,31.3125
1694158704,31.3125
1694158734,31.3125
1694158764,31.3125
1694158794,31.3125
1694158824,31.375
1694158854,31.375
1694158884,31.375
1694158914,31.375
1694158944,31.375
1694158974,31.375
1694159004,31.375
1694159034,31.375
1694159064,31.375
1694159094,31.375
1694159124,31.375
1694159154,31.375
1694159184,31.375
1694159214,31.375
1694159244,31.375
1694159274,31.375
1694159304,31.375
1694159334,31.375
1694159364,31.375
1694159394,31.375
1694159424,31.375
1694159454,31.375
1694159485,31.45
1694159515,31.45
1694159545,31.45
1694159575,31.45
1694159605,31.45
1694159635,31.45
1694159665,31.45
1694159695,31.45
1694159725,31.45
1694159755,31.45
1694159785,31.45
1694159815,31.45
1694159845,31.45
1694159875,31.5
1694159905,31.5
1694159935,31.5
1694159965,31.5
1694159995,31.5
1694160025,31.5
1694160055,31.5
1694160085,31.5
1694160115,31.4375
1694160145,31.4375
1694160175,31.3125
1694160205,31.25
1694160235,31.25
1694160265,31.1875
1694160295,31.0625
1694160325,31.125
1694160355,31.125
1694160385,31.0625
1694160416,30.9375
1694160446,30.875
1694160476,30.8125
1694160506,30.6875
1694160536,30.8125
1694160566,30.6875
1694160596,30.6875
1694160626,30.6875
1694160656,30.75
1694160686,30.75
1694160716,30.6875
1694160746,30.75
1694160776,30.6875
1694160806,30.625
1694160836,30.6875
1694160866,30.625
1694160896,30.625
1694160926,30.5625
1694160956,30.5625
1694160986,30.5
1694161016,30.5625
1694161046,30.5625
1694161076,30.5625
1694161106,30.5
1694161136,30.5625
1694161166,30.5625
1694161196,30.4375
1694161226,30.5
1694161256,30.5625
1694161286,30.5625
1694161317,30.5625
1694161346,30.5625
1694161377,30.5
1694161407,30.5
1694161437,30.5
1694161467,30.5
1694161497,30.5625
1694161527,30.5
1694161557,30.4375
1694161587,30.4375
1694161617,30.5
1694161647,30.5
1694161677,30.5
1694161707,30.5
1694161737,30.5
1694161767,30.5
1694161797,30.5
1694161827,30.4375
1694161857,30.5
1694161887,30.5
1694161917,30.5
1694161947,30.5
1694161977,30.5625
1694162007,30.5
1694162037,30.5
1694162067,30.5
1694162097,30.5
1694162127,30.4375
1694162157,30.375
1694162187,30.4375
1694162217,30.4375
1694162247,30.4375
1694162278,30.4375
1694162308,30.4375
1694162338,30.4375
1694162368,30.4375
1694162398,30.375
1694162428,30.375
1694162458,30.5
1694162488,30.5
1694162518,30.5
1694162548,30.4375
1694162578,30.4375
1694162608,30.5
1694162638,30.5
1694162668,30.5
1694162698,30.5
1694162728,30.4375
1694162758,30.5
1694162788,30.5
1694162818,30.5625
1694162848,30.5625
1694162878,30.5625
1694162908,30.5625
1694162938,30.5625
1694162968,30.5
1694162998,30.5625
1694163028,30.4375
1694163058,30.5625
1694163088,30.5
1694163118,30.5
1694163148,30.5625
1694163179,30.5625
1694163209,30.5625
1694163239,30.5625
1694163269,30.5625
1694163299,30.625
1694163329,30.5
1694163359,30.4375
1694163389,30.5
1694163419,30.5
1694163449,30.5625
1694163479,30.5
1694163509,30.5625
1694163539,30.5625
1694163569,30.5
1694163599,30.5625
1694163629,30.5
1694163659,30.5
1694163689,30.4375
1694163719,30.5
1694163749,30.4375
1694163779,30.5625
1694163809,30.5625
1694163839,30.5
1694163869,30.625
1694163899,30.5
1694163929,30.375
1694163959,30.4375
1694163989,30.5
1694164019,30.5
1694164049,30.5
1694164079,30.4375
1694164109,30.375
1694164139,30.4375
1694164170,30.375
1694164200,30.4375
1694164230,30.5
1694164260,30.5
1694164290,30.5625
1694164320,30.5625
1694164350,30.5
1694164380,30.5
1694164410,30.625
1694164440,30.5625
1694164470,30.5
1694164500,30.5625
1694164530,30.625
1694164560,30.625
1694164590,30.625
1694164620,30.625
1694164650,30.5625
1694164680,30.625
1694164710,30.5625
1694164740,30.625
1694164770,30.625
1694164800,30.5625
1694164830,30.5625
1694164860,30.625
1694164890,30.625
1694164920,30.625
1694164950,30.6875
1694164980,30.6875
1694165010,30.75
1694165040,30.6875
1694165070,30.5625
1694165101,30.5625
1694165131,30.5
1694165162,30.5
1694165191,30.625
1694165221,30.6875
1694165251,30.6875
1694165281,30.75
1694165311,30.6875
1694165341,30.75
1694165371,30.75
1694165401,30.8125
1694165431,30.8125
1694165461,30.875
1694165491,30.9375
1694165521,30.9375
1694165551,31
1694165581,30.875
1694165611,30.8125
1694165641,30.8125
1694165671,30.8125
1694165701,30.875
1694165731,31
1694165766,30.8125
1694165791,30.9375
1694165821,31.0625
1694165851,31.0625
1694165881,31.1875
1694165911,31.125
1694165941,31.125
1694165971,31.1875
1694166001,31.1875
1694166032,31.1875
1694166062,31.1875
1694166092,31.125
1694166122,31.25
1694166152,31.3125
1694166182,31.25
1694166212,31.3125
1694166242,31.3125
1694166272,31.3125
1694166302,31.25
1694166332,31.3125
1694166362,31.375
1694166392,31.4375
1694166422,31.4375
1694166452,31.4375
1694166482,31.5
1694166512,31.5625
1694166542,31.5625
1694166572,31.5
1694166602,31.5625
1694166632,31.4375
1694166662,31.4375
1694166692,31.5
1694166722,31.5
1694166752,31.5
1694166782,31.5
1694166812,31.5
1694166842,31.5625
1694166872,31.5
1694166902,31.5
1694166932,31.5
1694166962,31.5
1694166993,31.5
1694167023,31.5625
1694167059,31.5
1694167083,31.5
1694167113,31.5625
1694167143,31.5
1694167173,31.5
1694167203,31.5
1694167233,31.5625
1694167263,31.5625
1694167293,31.625
1694167323,31.5625
1694167353,31.5625
1694167383,31.625
1694167413,31.5
1694167443,31.625
1694167473,31.6875
1694167503,31.6875
1694167533,31.6875
1694167563,31.625
1694167593,31.75
1694167623,31.75
1694167653,31.8125
1694167683,31.8125
1694167713,31.75
1694167743,31.8125
1694167773,31.875
1694167803,31.875
1694167833,31.875
1694167863,31.875
1694167893,31.875
1694167924,31.75
1694167954,31.8125
1694167984,31.9375
1694168014,31.875
1694168044,31.9375
1694168074,31.9375
1694168104,31.9375
1694168134,32
1694168164,32
1694168194,32
1694168224,31.9375
1694168254,32
1694168284,32
1694168314,32.0625
1694168344,32
1694168374,32.0625
1694168404,32.0625
1694168434,32
1694168464,32
1694168494,32
1694168524,31.9375
1694168554,31.9375
1694168584,32
1694168614,32
1694168644,31.9375
1694168674,32.125
1694168705,32.0625
1694168734,32.0625
1694168764,32.0625
1694168794,32.125
1694168824,32.0625
1694168855,32.0625
1694168885,32.0625
1694168915,32.0625
1694168945,32.0625
1694168975,32.0625
1694169005,32.125
1694169035,32.0625
1694169065,32
1694169095,32
1694169125,31.9375
1694169155,32.0625
1694169185,32
1694169215,32
1694169245,32.0625
1694169275,32.0625
1694169305,32
1694169335,32
1694169365,32
1694169396,32.0625
1694169425,32.0625
1694169455,32.125
1694169486,32
1694169515,31.9375
1694169545,31.9375
1694169575,31.9375
1694169605,31.9375
1694169635,31.9375
1694169665,32
1694169695,31.9375
1694169726,31.9375
1694169755,32
1694169786,32
1694169816,31.9375
1694169846,32.0625
1694169876,32.0625
1694169906,32.0625
1694169936,32.0625
1694169966,31.9375
1694169996,32
1694170026,32
1694170056,32
1694170086,32
1694170116,32.0625
1694170146,32
1694170176,31.9375
1694170206,32
1694170236,32
1694170266,32.0625
1694170296,32.0625
1694170326,32.0625
1694170356,32.0625
1694170386,32.0625
1694170416,32.125
1694170446,32.1875
1694170476,32.0625
1694170506,32.125
1694170536,32.0625
1694170566,32
1694170596,32.0625
1694170626,32.0625
1694170656,32.0625
1694170687,32
1694170717,32.125
1694170747,32.1875
1694170777,32.125
1694170807,32.125
1694170837,32.125
1694170867,32.1875
1694170897,32.0625
1694170927,32
1694170957,32.0625
1694170987,32.0625
1694171017,32
1694171047,32.0625
1694171077,32
1694171107,32
1694171137,32
1694171167,32.0625
1694171197,32.0625
1694171227,32.125
1694171257,32.0625
1694171287,32.125
1694171317,32.0625
1694171347,32.0625
1694171377,32.125
1694171407,32.1875
1694171437,32.1875
1694171467,32.1875
1694171497,32.1875
1694171527,32.125
1694171557,32
1694171587,32.125
1694171617,32.125
1694171647,32.0625
1694171678,32.125
1694171708,32.125
1694171738,32.1875
1694171768,32.1875
1694171798,32.1875
1694171828,32.1875
1694171858,32.3125
1694171888,32.1875
1694171918,32.125
1694171948,32.125
1694171978,32.0625
1694172008,31.9375
1694172038,32
1694172068,32.125
1694172098,32.125
1694172128,32.125
1694172158,32.125
1694172188,32.0625
1694172218,32.125
1694172248,32.125
1694172278,32.1875
1694172308,32.1875
1694172338,32.1875
1694172368,32.25
1694172398,32.25
1694172428,32.3125
1694172458,32.3125
1694172488,32.3125
1694172518,32.3125
1694172548,32.3125
1694172578,32.25
1694172609,32.3125
1694172639,32.375
1694172669,32.3125
1694172699,32.3125
1694172729,32.25
1694172759,32.25
1694172789,32.375
1694172819,32.375
1694172849,32.375
1694172879,32.4375
1694172909,32.375
1694172939,32.375
1694172969,32.375
1694172999,32.4375
1694173029,32.4375
1694173059,32.4375
1694173089,32.4375
1694173119,32.4375
1694173149,32.4375
1694173179,32.5
1694173209,32.4375
1694173239,32.4375
1694173269,32.4375
1694173299,32.375
1694173329,32.375
1694173359,32.375
1694173389,32.375
1694173419,32.4375
1694173450,32.4375
1694173479,32.375
1694173509,32.375
1694173540,32.375
1694173570,32.375
1694173600,32.3125
1694173630,32.375
1694173660,32.375
1694173690,32.4375
1694173720,32.375
1694173750,32.375
1694173780,32.3125
1694173810,32.375
1694173840,32.4375
1694173870,32.4375
1694173900,32.375
1694173930,32.375
1694173960,32.3125
1694173990,32.375
1694174020,32.375
1694174050,32.375
1694174080,32.4375
1694174110,32.4375
1694174140,32.4375
1694174170,32.4375
1694174200,32.375
1694174230,32.375
1694174260,32.4375
1694174290,32.4375
1694174320,32.4375
1694174350,32.375
1694174380,32.4375
1694174411,32.4375
1694174440,32.4375
1694174471,32.4375
1694174501,32.4375
1694174531,32.4375
1694174561,32.4375
1694174591,32.4375
1694174621,32.375
1694174651,32.4375
1694174681,32.4375
1694174711,32.4375
1694174741,32.4375
1694174771,32.375
1694174801,32.4375
1694174831,32.4375
1694174861,32.375
1694174891,32.375
1694174921,32.4375
1694174951,32.4375
1694174981,32.375
1694175011,32.3125
1694175041,32.3125
1694175071,32.3125
1694175101,32.25
1694175131,32.25
1694175161,32.3125
1694175191,32.375
1694175221,32.375
1694175251,32.4375
1694175281,32.375
1694175311,32.3125
1694175341,32.25
1694175371,32.25
1694175401,32.375
1694175432,32.375
1694175462,32.3125
1694175492,32.375
1694175522,32.375
1694175552,32.375
1694175582,32.3125
1694175612,32.375
1694175642,32.4375
1694175672,32.375
1694175702,32.375
1694175732,32.375
1694175762,32.3125
1694175792,32.375
1694175822,32.4375
1694175852,32.375
1694175882,32.375
1694175912,32.375
1694175942,32.3125
1694175972,32.3125
1694176002,32.3125
1694176032,32.25
1694176062,32.3125
1694176092,32.25
1694176122,32.3125
1694176152,32.3125
1694176182,32.3125
1694176212,32.375
1694176242,32.375
1694176272,32.25
1694176302,32.25
1694176332,32.25
1694176363,32.25
1694176393,32.25
1694176423,32.25
1694176453,32.3125
1694176483,32.3125
1694176513,32.3125
1694176543,32.25
1694176573,32.25
1694176603,32.25
1694176633,32.3125
1694176663,32.25
1694176693,32.25
1694176723,32.25
1694176753,32.1875
1694176783,32.25
1694176813,32.25
1694176843,32.1875
1694176873,32.25
1694176903,32.25
1694176933,32.25
1694176963,32.1875
1694176993,32.3125
1694177023,32.25
1694177053,32.3125
1694177083,32.25
1694177113,32.1875
1694177143,32.1875
1694177173,32.25
1694177203,32.3125
1694177233,32.25
1694177264,32.25
1694177294,32.1875
1694177324,32.3125
1694177354,32.1875
1694177384,32.25
1694177414,32.25
1694177444,32.25
1694177474,32.1875
1694177504,32.1875
1694177534,32.1875
1694177564,32.25
1694177594,32.25
1694177624,32.25
1694177654,32.1875
1694177684,32.1875
1694177714,32.1875
1694177744,32.25
1694177774,32.1875
1694177804,32.125
1694177834,32.1875
1694177864,32.25
1694177894,32.25
1694177924,32.1875
1694177954,32.125
1694177984,32.0625
1694178014,32.125
1694178044,32
1694178074,32.125
1694178104,32.125
1694178134,32.125
1694178164,32.0625
1694178194,32.0625
1694178225,32.125
1694178255,32.125
1694178285,32.125
1694178315,31.9375
1694178345,31.9375
1694178375,32
1694178405,32.125
1694178435,32.125
1694178465,32.1875
1694178495,32.1875
1694178525,32.125
1694178555,32.125
1694178585,32.1875
1694178615,32.1875
1694178645,32.0625
1694178675,32.0625
1694178705,32.125
1694178735,32.125
1694178765,32.125
1694178795,32.125
1694178825,32.0625
1694178855,32.0625
1694178885,32.0625
1694178915,32
1694178945,32.125
1694178975,32.0625
1694179005,32.0625
1694179035,32.0625
1694179065,32.125
1694179095,32.0625
1694179125,32.125
1694179156,32.125
1694179186,32.125
1694179216,32.125
1694179246,32.125
1694179276,32
1694179306,32
1694179336,32.125
1694179366,32.0625
1694179396,32.125
1694179426,32.0625
1694179456,32.0625
1694179486,32.0625
1694179516,32.0625
1694179546,32.1875
1694179576,32.1875
1694179606,32.1875
1694179636,32.125
1694179666,32.0625
1694179696,32.25
1694179726,32.25
1694179756,32.3125
1694179786,32.3125
1694179816,32.1875
1694179846,32.1875
1694179876,32.1875
1694179906,32.1875
1694179937,32.125
1694179966,32.125
1694179996,32.1875
1694180027,32.0625
1694180056,32.125
1694180086,32
1694180117,32
1694180147,32.0625
1694180177,32.0625
1694180207,32
1694180237,32
1694180267,32
1694180297,32
1694180327,32
1694180357,32.125
1694180387,32.0625
1694180417,32.0625
1694180447,32
1694180477,32
1694180507,32.0625
1694180537,32.0625
1694180567,32
1694180597,31.9375
1694180627,32.0625
1694180657,32.0625
1694180687,32
1694180717,31.9375
1694180747,31.9375
1694180777,32
1694180807,32
1694180837,32.0625
1694180867,32.0625
1694180897,32.125
1694180927,32.0625
1694180958,32.125
1694180987,32.0625
1694181018,32
1694181048,32
1694181078,32
1694181108,32.0625
1694181138,32.125
1694181168,32.125
1694181198,32.0625
1694181228,32
1694181258,32.0625
1694181288,32.0625
1694181318,32
1694181348,32.0625
1694181378,32.125
1694181408,32.25
1694181438,32.1875
1694181468,32.125
1694181498,32.25
1694181528,32.125
1694181558,32.125
1694181588,32.1875
1694181618,32.0625
1694181648,32.125
1694181678,32.125
1694181708,32.125
1694181738,32.1875
1694181768,32.0625
1694181798,32.0625
1694181828,32.125
1694181858,32.125
1694181888,32.0625
1694181918,32.0625
1694181949,32.0625
1694181979,32
1694182009,31.9375
1694182039,32
1694182069,32.0625
1694182099,32.0625
1694182129,32
1694182159,31.9375
1694182189,32
1694182219,31.9375
1694182249,31.875
1694182279,31.875
1694182309,32.0625
1694182339,31.9375
1694182369,31.9375
1694182399,31.8125
1694182429,31.875
1694182459,31.875
1694182489,31.9375
1694182519,31.875
1694182549,31.875
1694182579,31.8125
1694182609,31.875
1694182639,31.8125
1694182669,31.8125
1694182699,31.875
1694182729,31.8125
1694182759,31.75
1694182789,31.875
1694182819,31.875
1694182849,31.875
1694182879,31.875
1694182910,31.875
1694182940,31.75
1694182970,31.5
1694183000,31.5625
1694183030,31.75
1694183060,31.8125
1694183090,31.75
1694183120,31.8125
1694183150,31.6875
1694183180,31.75
1694183210,31.75
1694183240,31.75
1694183270,31.75
1694183300,31.8125
1694183330,31.75
1694183360,31.6875
1694183390,31.8125
1694183420,31.8125
1694183450,31.75
1694183480,31.6875
1694183510,31.8125
1694183540,31.875
1694183570,31.875
1694183600,31.8125
1694183630,31.8125
1694183660,31.75
1694183690,31.75
1694183720,31.75
1694183750,31.625
1694183780,31.6875
1694183811,31.9375
1694183841,31.4375
1694183871,31.4375
1694183901,31.6875
1694183931,31.8125
1694183961,31.75
1694183991,31.75
1694184021,31.6875
1694184051,31.6875
1694184081,31.6875
1694184111,31.8125
1694184141,31.75
1694184171,31.8125
1694184201,31.8125
1694184231,31.75
1694184261,31.8125
1694184291,31.8125
1694184321,31.75
1694184351,31.75
1694184381,31.875
1694184411,31.8125
1694184441,31.8125
1694184471,31.8125
1694184501,31.875
1694184531,31.75
1694184561,31.875
1694184591,31.875
1694184621,31.8125
1694184651,31.75
1694184681,31.6875
1694184711,31.8125
1694184742,31.875
1694184772,31.5625
1694184802,31.5625
1694184832,31.625
1694184862,31.625
1694184892,31.75
1694184922,31.8125
1694184952,31.6875
1694184982,31.6875
1694185012,31.6875
1694185042,31.6875
1694185072,31.6875
1694185102,31.625
1694185132,31.75
1694185162,31.75
1694185192,31.6875
1694185222,31.625
1694185252,31.75
1694185282,31.8125
1694185312,31.75
1694185342,31.6875
1694185372,31.5
1694185402,31
1694185432,31.1875
1694185462,31.4375
1694185492,31.25
1694185522,31.375
1694185552,31.5
1694185582,31.625
1694185612,31.625
1694185642,31.625
1694185673,31.5
1694185703,31.5
1694185733,31.5625
1694185763,31.625
1694185793,31.625
1694185823,31.5625
1694185853,31.6875
1694185883,31.6875
1694185913,31.6875
1694185943,31.75
1694185973,31.75
1694186003,31.75
1694186033,31.75
1694186063,31.625
1694186093,31.625
1694186123,31.625
1694186153,31.6875
1694186183,31.6875
1694186213,31.625
1694186243,31.6875
1694186273,31.75
1694186303,31.75
1694186333,31.6875
1694186363,31.6875
1694186393,31.625
1694186423,31.6875
1694186453,31.75
1694186483,31.625
1694186513,31.5625
1694186543,31.75
1694186573,31.6875
1694186604,31.6875
1694186634,31.75
1694186664,31.625
1694186694,31.8125
1694186724,31.75
1694186754,31.6875
1694186784,31.8125
1694186814,31.75
1694186844,31.75
1694186874,31.6875
1694186904,31.6875
1694186934,31.6875
1694186964,31.6875
1694186994,31.625
1694187024,31.625
1694187054,31.5625
1694187084,31.625
1694187114,31.75
1694187144,31.6875
1694187174,31.75
1694187204,31.5
1694187234,31.1875
1694187264,30.9375
1694187294,30.875
1694187324,30.875
1694187354,31.25
1694187384,31.375
1694187414,31.5625
1694187444,31.5625
1694187474,31.75
1694187504,31.4375
1694187535,31.625
1694187565,31.75
1694187595,31.6875
1694187625,31.6875
1694187655,31.75
1694187685,31.8125
1694187715,31.8125
1694187745,31.5
1694187775,31.5
1694187805,31.3125
1694187835,31.3125
1694187865,31.3125
1694187895,31.5
1694187925,31.5
1694187955,31.5
1694187985,31.8125
1694188015,31.8125
1694188045,31.8125
1694188075,31.5
1694188105,31.5
1694188135,31.5
1694188165,31.8125
1694188195,31.8125
1694188225,31.5
1694188255,31.5
1694188285,31.5
1694188315,31.5
1694188345,31.5
1694188375,31.4375
1694188405,31.4375
1694188435,31.4375
1694188465,31.5
1694188495,31.5
1694188525,31.75
1694188555,31.75
1694188585,31.6875
1694188615,31.6875
1694188645,31.6875
1694188675,31.6875
1694188705,31.75
1694188735,31.75
1694188765,31.75
1694188795,31.75
1694188825,31.75
1694188855,31.8125
1694188885,31.8125
1694188915,31.8125
1694188945,31.75
1694188975,31.75
1694189005,31.75
1694189035,31.75
1694189065,31.5625
1694189095,31.5625
1694189125,31.5625
1694189155,31.75
1694189185,31.75
1694189215,31.75
1694189245,31.5625
1694189275,31.5625
1694189305,31.75
1694189335,31.75
1694189365,31.75
1694189395,31.8125
1694189425,31.8125
1694189455,31.5
1694189485,31.5
1694189515,31.8125
1694189545,31.8125
1694189575,31.8125
1694189605,31.5
1694189635,31.5
1694189665,31.5
1694189695,31.8125
1694189725,31.6875
1694189755,31.8125
1694189785,31.8125
1694189815,31.5625
1694189845,31.5625
1694189875,31.5625
1694189905,31.8125
1694189935,31.8125
1694189965,31.75
1694189995,31.75
1694190025,31.75
1694190055,31.8125
1694190085,31.6875
1694190115,31.6875
1694190145,31.8125
1694190175,31.5625
1694190205,31.5625
1694190235,31.5625
1694190265,31.5625
1694190295,31.8125
1694190325,31.8125
1694190355,31.5625
1694190385,31.5625
1694190415,31.5625
1694190445,31.5625
1694190475,31.5625
1694190505,31.75
1694190535,31.75
1694190565,31.5625
1694190595,31.5625
1694190625,31.5625
1694190655,31.5625
1694190685,31.5625
1694190715,31.5625
1694190745,31.5625
1694190775,31.5625
1694190805,31.5625
1694190835,31.75
1694190865,31.75
1694190895,31.75
1694190925,31.5625
1694190955,31.5625
1694190985,31.5
1694191015,31.5
1694191045,31.5625
1694191075,31.5625
1694191105,31.75
1694191135,31.75
1694191165,31.75
1694191195,31.5
1694191225,31.5
1694191255,31.5
1694191285,31.5
1694191315,31.75
1694191345,31.75
1694191375,31.75
1694191405,31.75
1694191435,31.6875
1694191465,31.6875
1694191495,31.5
1694191525,31.5
1694191555,31.75
1694191585,31.6875
1694191615,31.6875
1694191607,31.5
1694191637,31.5
1694191667,31.4375
1694191697,31.375
1694191727,31.5
1694191757,31.5625
1694191787,31.5
1694191817,31.4375
1694191847,31.6875
1694191878,31.75
1694191908,31.8125
1694191938,31.6875
1694191968,31.6875
1694191998,31.6875
1694192028,31.75
1694192058,31.75
1694192088,31.875
1694192118,31.75
1694192148,31.75
1694192178,31.6875
1694192208,31.8125
1694192238,31.8125
1694192268,31.8125
1694192298,31.8125
1694192328,31.8125
1694192358,31.8125
1694192388,31.75
1694192418,31.75
1694192448,31.6875
1694192478,31.6875
1694192508,31.8125
1694192538,31.8125
1694192568,31.8125
1694192598,31.8125
1694192628,31.875
1694192658,31.8125
1694192688,31.75
1694192718,31.875
1694192748,31.8125
1694192778,31.8125
1694192808,31.75
1694192838,31.8125
1694192869,31.8125
1694192899,31.8125
1694192929,31.8125
1694192959,31.8125
1694192989,31.875
1694193019,31.75
1694193049,31.875
1694193079,31.8125
1694193109,31.875
1694193139,31.75
1694193169,31.8125
1694193199,31.75
1694193229,31.8125
1694193259,31.8125
1694193289,31.8125
1694193319,31.875
1694193349,31.875
1694193379,31.875
1694193409,31.8125
1694193439,31.75
1694193469,31.6875
1694193499,31.6875
1694193529,31.625
1694193559,31.75
1694193589,31.8125
1694193619,31.75
1694193649,31.8125
1694193679,31.8125
1694193709,31.8125
1694193739,31.875
1694193770,31.75
1694193800,31.8125
1694193830,31.875
1694193860,32
1694193890,31.875
1694193920,31.9375
1694193950,31.875
1694193980,31.9375
1694194010,31.9375
1694194040,31.875
1694194070,31.75
1694194100,31.875
1694194130,31.75
1694194160,31.8125
1694194190,31.8125
1694194220,31.875
1694194250,32
1694194280,31.9375
1694194310,31.9375
1694194340,31.875
1694194370,31.8125
1694194400,31.75
1694194430,31.875
1694194460,31.6875
1694194490,31.6875
1694194520,31.6875
1694194550,31.625
1694194580,31.5625
1694194610,31.6875
1694194640,31.5625
1694194670,31.625
1694194700,31.6875
1694194731,31.6875
1694194761,31.625
1694194791,31.5625
1694194821,31.6875
1694194851,31.6875
1694194881,31.5625
1694194911,31.5625
1694194941,31.6875
1694194971,31.625
1694195001,31.75
1694195031,31.6875
1694195061,31.5625
1694195091,31.5625
1694195121,31.625
1694195151,31.75
1694195181,31.6875
1694195211,31.875
1694195241,31.8125
1694195271,31.8125
1694195301,31.75
1694195331,31.8125
1694195361,31.6875
1694195391,31.6875
1694195421,31.75
1694195451,31.6875
1694195481,31.8125
1694195511,31.9375
1694195541,32
1694195571,32.0625
1694195601,31.9375
1694195632,31.9375
1694195661,31.875
1694195692,31.875
1694195722,31.8125
1694195752,31.875
1694195782,31.875
1694195812,31.875
1694195842,31.8125
1694195872,31.8125
1694195902,31.8125
1694195932,31.75
1694195962,31.6875
1694195992,31.6875
1694196022,31.6875
1694196052,31.6875
1694196082,31.75
1694196112,31.75
1694196142,31.6875
1694196172,31.75
1694196202,31.6875
1694196232,31.6875
1694196262,31.75
1694196292,31.75
1694196322,31.8125
1694196352,31.625
1694196382,31.6875
1694196412,31.75
1694196442,31.6875
1694196472,31.75
1694196502,31.625
1694196532,31.6875
1694196562,31.6875
1694196593,31.6875
1694196623,31.6875
1694196653,31.6875
1694196683,31.75
1694196713,31.6875
1694196743,31.5625
1694196773,31.5625
1694196803,31.6875
1694196833,31.6875
1694196863,31.75
1694196893,31.75
1694196923,31.6875
1694196953,31.625
1694196983,31.5625
1694197013,31.75
1694197043,31.625
1694197073,31.625
1694197105,31.625
1694197133,31.625
1694197163,31.5625
1694197193,31.6875
1694197223,31.6875
1694197253,31.6875
1694197283,31.625
1694197313,31.6875
1694197343,31.8125
1694197373,31.875
1694197403,31.75
1694197433,31.6875
1694197464,31.6875
1694197493,31.6875
1694197524,31.6875
1694197554,31.75
1694197584,31.75
1694197614,31.6875
1694197644,31.75
1694197674,31.8125
1694197704,31.8125
1694197734,31.8125
1694197764,31.75
1694197794,31.8125
1694197824,31.8125
1694197854,31.8125
1694197884,31.875
1694197914,31.8125
1694197944,31.75
1694197974,31.75
1694198004,31.75
1694198034,31.625
1694198064,31.625
1694198094,31.6875
1694198124,31.625
1694198154,31.625
1694198184,31.6875
1694198214,31.6875
1694198244,31.6875
1694198274,31.625
1694198304,31.5625
1694198334,31.5625
1694198364,31.625
1694198394,31.5625
1694198424,31.625
1694198455,31.5
1694198485,31.625
1694198515,31.5625
1694198545,31.5
1694198575,31.5
1694198605,31.625
1694198635,31.5
1694198665,31.5625
1694198695,31.5625
1694198725,31.625
1694198755,31.625
1694198785,31.625
1694198815,31.6875
1694198845,31.5625
1694198875,31.625
1694198905,31.6875
1694198935,31.5625
1694198965,31.5
1694198995,31.5625
1694199025,31.625
1694199055,31.625
1694199085,31.5625
1694199115,31.4375
1694199145,31.4375
1694199175,31.4375
1694199205,31.4375
1694199235,31.5
1694199265,31.4375
1694199295,31.5
1694199325,31.5
1694199355,31.625
1694199385,31.5
1694199416,31.5625
1694199446,31.5625
1694199476,31.5625
1694199506,31.625
1694199536,31.5
1694199566,31.5
1694199596,31.5
1694199626,31.5
1694199656,31.5
1694199686,31.4375
1694199716,31.5
1694199746,31.4375
1694199776,31.4375
1694199806,31.5
1694199836,31.4375
1694199866,31.375
1694199896,31.4375
1694199926,31.5
1694199956,31.4375
1694199986,31.375
1694200016,31.4375
1694200046,31.4375
1694200076,31.3125
1694200106,31.375
1694200136,31.4375
1694200166,31.4375
1694200196,31.375
1694200226,31.4375
1694200256,31.5
1694200286,31.75
1694200316,31.6875
1694200347,31.625
1694200377,31.5625
1694200407,31.5625
1694200437,31.625
1694200467,31.6875
1694200497,31.5625
1694200527,31.625
1694200557,31.6875
1694200587,31.6875
1694200617,31.6875
1694200647,31.6875
1694200677,31.6875
1694200707,31.625
1694200737,31.6875
1694200767,31.6875
1694200797,31.625
1694200827,31.625
1694200857,31.6875
1694200887,31.6875
1694200917,31.625
1694200947,31.6875
1694200977,31.6875
1694201007,31.75
1694201037,31.6875
1694201067,31.625
1694201097,31.75
1694201127,31.75
1694201157,31.75
1694201188,31.5625
1694201217,31.75
1694201247,31.75
1694201278,31.75
1694201308,31.6875
1694201338,31.625
1694201368,31.5625
1694201398,31.5625
1694201428,31.6875
1694201458,31.875
1694201488,31.75
1694201518,31.6875
1694201548,31.75
1694201578,31.6875
1694201608,31.75
1694201638,31.6875
1694201668,31.75
1694201698,31.6875
1694201728,31.6875
1694201758,31.6875
1694201788,31.6875
1694201818,31.8125
1694201848,31.75
1694201878,31.625
1694201908,31.625
1694201938,31.625
1694201968,31.6875
1694201998,31.625
1694202028,31.625
1694202058,31.6875
1694202088,31.6875
1694202119,31.625
1694202148,31.6875
1694202179,31.625
1694202208,31.6875
1694202239,31.75
1694202269,31.6875
1694202299,31.75
1694202329,31.875
1694202359,31.9375
1694202389,32
1694202419,31.8125
1694202449,31.6875
1694202479,31.6875
1694202509,31.8125
1694202539,31.8125
1694202569,31.8125
1694202599,31.75
1694202629,31.6875
1694202659,31.625
1694202689,31.625
1694202719,31.625
1694202749,31.6875
1694202779,31.75
1694202809,31.625
1694202839,31.625
1694202869,31.625
1694202899,31.5625
1694202929,31.5625
1694202959,31.625
1694202989,31.625
1694203019,31.625
1694203050,31.625
1694203079,31.6875
1694203109,31.75
1694203139,31.8125
1694203170,31.75
1694203200,31.6875
1694203230,31.6875
1694203260,31.625
1694203290,31.625
1694203320,31.6875
1694203350,31.6875
1694203380,31.5
1694203410,31.5625
1694203440,31.6875
1694203472,31.625
1694203500,31.75
1694203530,31.6875
1694203560,31.6875
1694203590,31.625
1694203620,31.75
1694203650,31.6875
1694203680,31.5625
1694203710,31.625
1694203740,31.625
1694203770,31.6875
1694203800,31.6875
1694203830,31.625
1694203860,31.6875
1694203890,31.6875
1694203920,31.75
1694203950,31.75
1694203980,31.8125
1694204010,31.75
1694204040,31.75
1694204070,31.6875
1694204101,31.6875
1694204131,31.625
1694204161,31.5625
1694204191,31.625
1694204221,31.6875
1694204251,31.625
1694204281,31.625
1694204311,31.5625
1694204341,31.5625
1694204371,31.5625
1694204401,31.5625
1694204431,31.5625
1694204461,31.75
1694204491,31.8125
1694204521,31.875
1694204551,31.8125
1694204581,31.8125
1694204611,31.75
1694204641,31.8125
1694204671,31.75
1694204701,31.75
1694204731,31.75
1694204761,31.625
1694204791,31.75
1694204821,31.75
1694204851,31.75
1694204881,31.75
1694204911,31.75
1694204941,31.75
1694204972,31.8125
1694205001,31.875
1694205032,31.8125
1694205062,31.8125
1694205092,31.75
1694205122,31.75
1694205152,31.8125
1694205182,31.75
1694205212,31.75
1694205242,31.75
1694205272,31.6875
1694205302,31.625
1694205332,31.6875
1694205362,31.6875
1694205392,31.6875
1694205422,31.6875
1694205452,31.6875
1694205482,31.6875
1694205512,31.6875
1694205542,31.75
1694205572,31.8125
1694205602,31.6875
1694205632,31.625
1694205662,31.625
1694205692,31.6875
1694205722,31.75
1694205752,31.75
1694205782,31.625
1694205812,31.6875
1694205842,31.6875
1694205872,31.625
1694205902,31.6875
1694205932,31.6875
1694205963,31.6875
1694205993,31.6875
1694206023,31.625
1694206053,31.625
1694206083,31.8125
1694206113,31.8125
1694206143,31.625
1694206173,31.5625
1694206203,31.5625
1694206233,31.5
1694206263,31.5625
1694206293,31.625
1694206323,31.6875
1694206353,31.6875
1694206383,31.6875
1694206413,31.625
1694206443,31.5625
1694206473,31.5
1694206503,31.5
1694206533,31.5625
1694206563,31.5625
1694206593,31.625
1694206623,31.5
1694206653,31.5625
1694206683,31.625
1694206713,31.5625
1694206743,31.5625
1694206773,31.5
1694206803,31.5625
1694206833,31.5625
1694206863,31.625
1694206893,31.5625
1694206924,31.625
1694206954,31.6875
1694206984,31.625
1694207014,31.6875
1694207044,31.625
1694207074,31.75
1694207104,31.75
1694207134,31.5625
1694207164,31.625
1694207194,31.625
1694207224,31.625
1694207254,31.6875
1694207284,31.6875
1694207314,31.5625
1694207344,31.5625
1694207374,31.5
1694207404,31.625
1694207434,31.6875
1694207464,31.6875
1694207494,31.6875
1694207524,31.5625
1694207554,31.5
1694207584,31.6875
1694207614,31.625
1694207644,31.8125
1694207674,31.75
1694207704,31.6875
1694207734,31.75
1694207764,31.75
1694207795,31.75
1694207824,31.6875
1694207855,31.6875
1694207885,31.6875
1694207915,31.5625
1694207945,31.625
1694207975,31.625
1694208005,31.625
1694208035,31.625
1694208065,31.5625
1694208095,31.625
1694208125,31.5625
1694208155,31.5625
1694208185,31.5
1694208215,31.625
1694208245,31.625
1694208275,31.625
1694208305,31.6875
1694208335,31.625
1694208365,31.625
1694208395,31.625
1694208425,31.5625
1694208455,31.6875
1694208485,31.75
1694208515,31.6875
1694208545,31.75
1694208575,31.75
1694208605,31.625
1694208635,31.5625
1694208665,31.6875
1694208695,31.6875
1694208725,31.6875
1694208755,31.6875
1694208786,31.8125
1694208816,31.8125
1694208846,31.6875
1694208876,31.8125
1694208906,31.6875
1694208936,31.75
1694208966,31.5625
1694208996,31.625
1694209026,31.6875
1694209056,31.75
1694209086,31.75
1694209116,31.6875
1694209146,31.75
1694209176,31.8125
1694209206,31.8125
1694209236,31.75
1694209266,31.8125
1694209296,31.75
1694209326,31.75
1694209356,31.75
1694209386,31.75
1694209416,31.8125
1694209446,31.875
1694209476,31.875
1694209506,31.8125
1694209536,31.75
1694209566,31.8125
1694209596,31.6875
1694209626,31.75
1694209656,31.75
1694209686,31.8125
1694209717,31.6875
1694209747,31.6875
1694209777,31.6875
1694209807,31.6875
1694209837,31.75
1694209867,31.75
1694209897,31.75
1694209927,31.6875
1694209957,31.6875
1694209987,31.6875
1694210017,31.75
1694210047,31.8125
1694210077,31.8125
1694210107,31.75
1694210137,31.8125
1694210167,31.75
1694210197,31.8125
1694210227,31.75
1694210257,31.8125
1694210287,31.8125
1694210317,31.8125
1694210347,31.75
1694210377,31.8125
1694210407,31.8125
1694210437,31.75
1694210467,31.75
1694210497,31.8125
1694210527,31.8125
1694210557,31.875
1694210587,31.8125
1694210617,31.8125
1694210648,31.75
1694210678,31.75
1694210708,31.75
1694210738,31.75
1694210768,31.8125
1694210798,31.75
1694210828,31.75
1694210858,31.8125
1694210888,31.875
1694210918,31.8125
1694210948,31.75
1694210979,31.8125
1694211008,31.875
1694211038,31.8125
1694211068,31.75
1694211098,31.6875
1694211128,31.75
1694211158,31.8125
1694211188,31.8125
1694211218,31.875
1694211248,31.875
1694211278,31.8125
1694211308,31.875
1694211338,31.875
1694211368,31.875
1694211398,31.8125
1694211428,31.875
1694211458,31.9375
1694211488,31.8125
1694211518,31.875
1694211548,31.8125
1694211578,31.6875
1694211609,31.75
1694211639,31.8125
1694211669,31.75
1694211699,31.75
1694211729,31.75
1694211759,31.8125
1694211789,31.8125
1694211819,31.8125
1694211849,31.8125
1694211879,31.8125
1694211909,31.875
1694211939,31.875
1694211969,31.875
1694211999,31.8125
1694212029,31.8125
1694212059,31.875
1694212089,31.875
1694212119,31.875
1694212149,31.9375
1694212179,31.8125
1694212209,31.8125
1694212239,31.8125
1694212269,31.875
1694212299,31.75
1694212329,31.8125
1694212359,31.75
1694212389,31.8125
1694212419,31.75
1694212449,31.75
1694212479,31.75
1694212509,31.8125
1694212540,31.8125
1694212570,31.8125
1694212600,31.8125
1694212630,31.8125
1694212660,31.8125
1694212690,31.875
1694212720,31.875
1694212750,31.8125
1694212780,31.8125
1694212810,31.875
1694212840,31.9375
1694212870,32
1694212900,31.875
1694212930,31.875
1694212960,31.875
1694212990,31.875
1694213020,31.875
1694213050,31.875
1694213080,31.875
1694213110,31.875
1694213140,31.8125
1694213170,31.8125
1694213200,31.6875
1694213230,31.75
1694213260,31.8125
1694213290,31.8125
1694213320,31.8125
1694213350,31.8125
1694213380,31.8125
1694213410,31.8125
1694213441,31.75
1694213471,31.75
1694213501,31.75
1694213531,31.8125
1694213561,31.8125
1694213591,31.8125
1694213621,31.875
1694213651,31.875
1694213681,31.8125
1694213711,31.8125
1694213741,31.8125
1694213771,31.8125
1694213801,31.8125
1694213831,31.8125
1694213861,31.75
1694213891,31.75
1694213921,31.8125
1694213951,31.8125
1694213981,31.875
1694214011,31.9375
1694214041,31.75
1694214071,31.6875
1694214101,31.6875
1694214131,31.8125
1694214161,31.9375
1694214191,31.9375
1694214221,31.9375
1694214251,32
1694214281,31.875
1694214311,31.9375
1694214341,31.9375
1694214371,31.9375
1694214402,31.875
1694214432,31.8125
1694214462,31.8125
1694214492,31.875
1694214522,31.9375
1694214552,31.9375
1694214582,31.8125
1694214612,31.8125
1694214642,31.75
1694214672,31.8125
1694214702,31.8125
1694214732,31.8125
1694214762,31.8125
1694214792,31.875
1694214822,31.8125
1694214852,31.8125
1694214882,31.8125
1694214912,31.75
1694214942,31.75
1694214972,31.75
1694215002,31.75
1694215032,31.75
1694215062,31.8125
1694215092,31.8125
1694215122,31.75
1694215152,31.75
1694215182,31.75
1694215212,31.75
1694215242,31.6875
1694215272,31.75
1694215303,31.75
1694215333,31.75
1694215363,31.75
1694215393,31.6875
1694215423,31.75
1694215453,31.8125
1694215483,31.8125
1694215513,31.8125
1694215543,31.75
1694215573,31.75
1694215603,31.8125
1694215633,31.75
1694215663,31.8125
1694215693,31.75
1694215723,31.75
1694215753,31.75
1694215783,31.625
1694215813,31.625
1694215843,31.6875
1694215873,31.6875
1694215903,31.625
1694215933,31.6875
1694215963,31.6875
1694215993,31.75
1694216023,31.75
1694216053,31.75
1694216083,31.75
1694216113,31.75
1694216144,31.75
1694216173,31.9375
1694216203,31.875
1694216233,31.75
1694216263,31.6875
1694216294,31.625
1694216324,31.75
1694216354,31.6875
1694216384,31.75
1694216414,31.8125
1694216444,31.8125
1694216474,31.75
1694216504,31.6875
1694216534,31.75
1694216564,31.75
1694216594,31.75
1694216624,31.625
1694216654,31.75
1694216684,31.75
1694216714,31.75
1694216744,31.8125
1694216774,31.75
1694216804,31.75
1694216834,31.8125
1694216864,31.9375
1694216894,31.8125
1694216924,31.6875
1694216954,31.625
1694216984,31.6875
1694217014,31.75
1694217044,31.8125
1694217074,31.6875
1694217104,31.6875
1694217134,31.6875
1694217164,31.6875
1694217194,31.75
1694217225,31.75
1694217255,31.8125
1694217285,31.875
1694217315,31.6875
1694217345,31.6875
1694217375,31.75
1694217405,31.8125
1694217435,31.8125
1694217465,31.6875
1694217495,31.75
1694217525,31.75
1694217555,31.6875
1694217585,31.6875
1694217615,31.75
1694217645,31.8125
1694217675,31.75
1694217705,31.75
1694217735,31.6875
1694217765,31.75
1694217795,31.6875
1694217825,31.8125
1694217855,31.75
1694217885,31.75
1694217915,31.8125
1694217945,31.6875
1694217975,31.75
1694218005,31.6875
1694218035,31.6875
1694218065,31.6875
1694218095,31.6875
1694218125,31.6875
1694218156,31.75
1694218186,31.875
1694218216,31.8125
1694218246,31.75
1694218276,31.8125
1694218306,31.8125
1694218336,31.75
1694218366,31.75
1694218396,31.75
1694218426,31.75
1694218456,31.8125
1694218486,31.8125
1694218516,31.75
1694218546,31.75
1694218576,31.75
1694218606,31.6875
1694218636,31.6875
1694218666,31.75
1694218696,31.8125
1694218726,31.75
1694218756,31.75
1694218786,31.8125
1694218816,31.75
1694218846,31.75
1694218876,31.75
1694218906,31.6875
1694218936,31.8125
1694218966,31.75
1694218996,31.75
1694219026,31.75
1694219056,31.75
1694219087,31.75
1694219117,31.8125
1694219147,31.75
1694219177,31.75
1694219207,31.75
1694219237,31.8125
1694219267,31.8125
1694219297,31.75
1694219327,31.8125
1694219357,31.75
1694219387,31.8125
1694219417,31.75
1694219447,31.8125
1694219477,31.75
1694219507,31.75
1694219537,31.6875
1694219567,31.75
1694219597,31.75
1694219627,31.75
1694219657,31.8125
1694219687,31.8125
1694219717,31.75
1694219747,31.75
1694219777,31.6875
1694219807,31.75
1694219837,31.6875
1694219867,31.6875
1694219897,31.75
1694219927,31.75
1694219957,31.75
1694219987,31.6875
1694220018,31.6875
1694220048,31.6875
1694220078,31.6875
1694220108,31.6875
1694220138,31.75
1694220168,31.75
1694220198,31.75
1694220228,31.875
1694220258,31.8125
1694220288,31.8125
1694220318,31.8125
1694220348,31.8125
1694220378,31.6875
1694220408,31.6875
1694220438,31.75
1694220468,31.8125
1694220498,31.8125
1694220528,31.8125
1694220558,31.75
1694220588,31.75
1694220618,31.6875
1694220648,31.75
1694220678,31.75
1694220708,31.6875
1694220738,31.5625
1694220768,31.625
1694220798,31.6875
1694220828,31.8125
1694220858,31.8125
1694220888,31.75
1694220918,31.75
1694220949,31.75
1694220979,31.625
1694221009,31.6875
1694221039,31.6875
1694221069,31.6875
1694221099,31.625
1694221129,31.625
1694221159,31.5625
1694221189,31.5625
1694221219,31.5625
1694221249,31.625
1694221279,31.5625
1694221309,31.5
1694221339,31.625
1694221369,31.6875
1694221399,31.625
1694221429,31.625
1694221459,31.5625
1694221489,31.625
1694221519,31.6875
1694221549,31.625
1694221579,31.625
1694221609,31.6875
1694221639,31.6875
1694221669,31.5625
1694221699,31.625
1694221729,31.6875
1694221759,31.625
1694221789,31.625
1694221819,31.625
1694221850,31.625
1694221880,31.6875
1694221910,31.6875
1694221940,31.6875
1694221970,31.5625
1694222000,31.6875
1694222030,31.5625
1694222060,31.625
1694222090,31.625
1694222120,31.625
1694222150,31.6875
1694222180,31.625
1694222210,31.625
1694222240,31.625
1694222270,31.6875
1694222300,31.6875
1694222330,31.625
1694222360,31.625
1694222390,31.6875
1694222420,31.6875
1694222450,31.625
1694222480,31.5625
1694222510,31.625
1694222540,31.625
1694222570,31.5625
1694222600,31.625
1694222630,31.625
1694222660,31.6875
1694222690,31.6875
1694222720,31.6875
1694222750,31.625
1694222780,31.6875
1694222811,31.6875
1694222841,31.6875
1694222871,31.6875
1694222901,31.625
1694222931,31.5625
1694222961,31.5625
1694222991,31.5625
1694223021,31.6875
1694223051,31.6875
1694223081,31.6875
1694223111,31.625
1694223141,31.6875
1694223171,31.625
1694223201,31.6875
1694223231,31.5625
1694223261,31.625
1694223291,31.625
1694223321,31.625
1694223351,31.625
1694223381,31.6875
1694223411,31.6875
1694223441,31.625
1694223471,31.6875
1694223501,31.6875
1694223531,31.6875
1694223561,31.6875
1694223591,31.5625
1694223621,31.625
1694223651,31.625
1694223681,31.625
1694223712,31.5625
1694223742,31.625
1694223773,31.5625
1694223802,31.625
1694223832,31.5625
1694223862,31.5625
1694223892,31.5625
1694223922,31.625
1694223952,31.5
1694223982,31.5625
1694224012,31.5625
1694224042,31.625
1694224072,31.5
1694224102,31.5
1694224132,31.5
1694224162,31.5625
1694224192,31.5
1694224222,31.5625
1694224252,31.5625
1694224282,31.6875
1694224312,31.6875
1694224342,31.5
1694224372,31.5625
1694224402,31.5
1694224432,31.5
1694224462,31.5
1694224492,31.5625
1694224522,31.5625
1694224552,31.5
1694224582,31.5
1694224612,31.5
1694224642,31.5625
1694224673,31.625
1694224703,31.5
1694224733,31.5
1694224763,31.5625
1694224793,31.5625
1694224823,31.5
1694224853,31.5625
1694224883,31.5625
1694224913,31.5625
1694224943,31.5625
1694224973,31.5625
1694225003,31.5625
1694225033,31.5625
1694225063,31.5625
1694225093,31.4375
1694225123,31.5625
1694225153,31.5625
1694225183,31.5625
1694225213,31.5625
1694225243,31.5
1694225273,31.5625
1694225303,31.5
1694225333,31.5
1694225363,31.5
1694225393,31.5
1694225423,31.5625
1694225453,31.625
1694225483,31.5625
1694225513,31.5625
1694225543,31.5
1694225573,31.5625
1694225604,31.5625
1694225634,31.625
1694225664,31.5625
1694225694,31.625
1694225724,31.625
1694225754,31.5625
1694225784,31.5625
1694225814,31.5625
1694225844,31.625
1694225874,31.625
1694225904,31.6875
1694225934,31.6875
1694225964,31.5625
1694225994,31.5625
1694226024,31.625
1694226054,31.625
1694226084,31.625
1694226114,31.5625
1694226144,31.625
1694226174,31.625
1694226204,31.625
1694226234,31.625
1694226264,31.6875
1694226294,31.625
1694226324,31.625
1694226354,31.625
1694226384,31.6875
1694226414,31.6875
1694226444,31.625
1694226475,31.5625
1694226504,31.625
1694226535,31.5625
1694226565,31.5625
1694226595,31.5
1694226625,31.5625
1694226655,31.5625
1694226685,31.5625
1694226715,31.5
1694226745,31.5
1694226775,31.5
1694226805,31.5
1694226835,31.5
1694226865,31.5625
1694226895,31.5625
1694226925,31.5625
